"node","variant_ID","number_samples","vaf","possible_drivers","S","S_lb","S_ub","donor_ID"
470,"KX001_Clade1",4,0.009803922,"CDC26 p.R23*",0.311591158,0.106977249,0.537659904,"KX001"
544,"KX002_Clade1",5,0.013774105,"SPEN p.P2019H, ACSM2B p.N193K",0.354738668,0.137709126,0.515274736,"KX002"
633,"AX001_Clade1",6,0.016620499,"KMT2D p.A4236E",0.342134002,0.178337502,0.435011563,"AX001"
608,"KX007_Clade9",5,0.015873016,"",0.153889363,0.080245262,0.213866302,"KX007"
577,"KX007_Clade2",8,0.025396825,"TEX29 p.A54V",0.227105346,0.133195483,0.2853212,"KX007"
558,"KX007_Clade8",5,0.015873016,"",0.137144396,0.073953535,0.204431985,"KX007"
486,"KX007_DNMT3A p.G699S",5,0.015873016,"",0.200084537,0.099418755,0.261058569,"KX007"
481,"KX007_Clade6",6,0.019047619,"CSNK1A1 p.A216G, KIF15 p.E1339*",0.105669988,0.06932538,0.18392689,"KX007"
464,"KX007_DNMT3A p.D768Y",4,0.012698413,"",0.200415191,0.090557412,0.279452001,"KX007"
429,"KX007_Clade7",5,0.015873016,"",0.136277542,0.075790795,0.233696263,"KX007"
389,"KX007_CREBBP p.N2111S",10,0.031746032,"",0.17776013,0.118803599,0.209540974,"KX007"
377,"KX007_Clade5",6,0.019047619,"",0.170983675,0.095893183,0.213803194,"KX007"
341,"KX007_Clade1",9,0.028571429,"ST6GALNAC1 p.R590C",0.297847763,0.197033178,0.353429184,"KX007"
359,"KX007_DNMT3A p.K826R",5,0.015873016,"",0.122425136,0.075291079,0.164962451,"KX007"
367,"KX007_Clade4",6,0.019047619,"SLC25A19 p.H47R",0.196040404,0.108450963,0.248238674,"KX007"
350,"KX007_Clade3",6,0.019047619,"FGFR1 p.M307I",0.228922751,0.122570476,0.29004142,"KX007"
382,"KX008_Clade8",6,0.016348774,"CIITA p.G516R",0.170811908768053,0.0946735575821362,0.215525557333521,"KX008"
454,"KX008_Clade9",5,0.013623978,"RFWD3 p.P21fs*15, EIF2B2 p.D104E",0.112871171826256,0.0698195117156362,0.203139388456458,"KX008"
683,"KX008_Clade6",8,0.021798365,"",0.198192449985384,0.103630387176758,0.266349987705639,"KX008"
703,"KX008_Clade4",15,0.040871935,"NOTCH3 p.D317N",0.202876678491621,0.148011030125535,0.235661414417234,"KX008"
644,"KX008_Clade3",15,0.040871935,"PPP6C p.A189V, LSP1 p.P61T, PCDHB7 p.K248fs*22",0.234572333661313,0.161694821903278,0.285871573871511,"KX008"
617,"KX008_Clade7",6,0.016348774,"",0.171058840763705,0.0980937082279303,0.213382346477065,"KX008"
625,"KX008_Clade10",5,0.013623978,"",0.192749554420314,0.088872537575849,0.287263934892221,"KX008"
598,"KX008_Clade5",14,0.038147139,"PPIP5K2 p.E940fs*12",0.195349786382168,0.147879158139327,0.222079132014404,"KX008"
549,"KX008_Clade2",29,0.079019074,"FREM2 p.Q683R",0.135654355646403,0.100873447494368,0.171577280561018,"KX008"
482,"KX008_Clade1",53,0.144414169,"",0.165462121134901,0.138392701488996,0.193159047123029,"KX008"
699,"KX004_Clade5",8,0.02266289,"KPNB1 p.S50fs*15",0.167792867,0.098702908,0.207307242,"KX004"
675,"KX004_CBL_C404Y",4,0.011331445,"",0.190880588,0.087394234,0.269177222,"KX004"
680,"KX004_Clade6",7,0.019830028,"ZNF318 p.Q779*",0.120249436,0.072508445,0.182945232,"KX004"
392,"KX004_DNMT3A_F752S",19,0.053824363,"",0.159208501,0.110924948,0.203343264,"KX004"
379,"KX004_Clade4",10,0.028328612,"ZNF318 p.K597fs*3",0.256196068,0.166923758,0.304456741,"KX004"
594,"KX004_Clade1",43,0.121813031,"KCNMA1 p.R909Q",0.24395443,0.19372658,0.298240837,"KX004"
555,"KX004_DNMT3A_G843S",8,0.02266289,"ERBB3 p.?",0.166961367,0.094865188,0.213443171,"KX004"
539,"KX004_DNMT3A_R309G",6,0.016997167,"",0.180542281,0.082527656,0.307001131,"KX004"
514,"KX004_Clade3",10,0.028328612,"",0.129880472,0.073806277,0.203714938,"KX004"
503,"KX004_Clade2",12,0.033994334,"",0.210511701,0.133274876,0.269989644,"KX004"
479,"KX004_DNMT3A_P904L",17,0.04815864,"",0.200363242,0.148742883,0.230061101,"KX004"
419,"KX004_DNMT3A_p.?",57,0.161473088,"",0.192351491,0.162879599,0.213250371,"KX004"
607,"KX003_Clade6",6,0.018292683,"LPHN2 p.E1290K",0.213915871,0.117886722,0.268391799,"KX003"
547,"KX003_DNMT3A p.R659H",4,0.012195122,"",0.188275481,0.086433259,0.264234381,"KX003"
579,"KX003_SETD2 p.L981V",9,0.027439024,"",0.222529966,0.109845448,0.302185984,"KX003"
570,"KX003_Clade4",8,0.024390244,"ABCA12 p.R1950*",0.257021746,0.148199238,0.327814868,"KX003"
566,"KX003_Clade7",5,0.015243902,"",0.168061891,0.091191004,0.218918917,"KX003"
510,"KX003_NOTCH2 p.S1888L",5,0.015243902,"",0.177689651,0.089825802,0.240102763,"KX003"
481,"KX003_Clade5",6,0.018292683,"",0.165986223,0.081048731,0.237455064,"KX003"
473,"KX003_Clade3",9,0.027439024,"",0.220938368,0.140727368,0.263436536,"KX003"
453,"KX003_Clade2",10,0.030487805,"",0.162866555,0.093430716,0.230376408,"KX003"
424,"KX003_TET2 p.C1221Y",4,0.012195122,"",0.316441466,0.115709238,0.465373371,"KX003"
342,"KX003_Clade1",112,0.341463415,"",0.308665801,0.287634488,0.321994478,"KX003"
